<?xml version="1.0" encoding="UTF-8"?><rss version="2.0"
	xmlns:content="http://purl.org/rss/1.0/modules/content/"
	xmlns:wfw="http://wellformedweb.org/CommentAPI/"
	xmlns:dc="http://purl.org/dc/elements/1.1/"
	xmlns:atom="http://www.w3.org/2005/Atom"
	xmlns:sy="http://purl.org/rss/1.0/modules/syndication/"
	xmlns:slash="http://purl.org/rss/1.0/modules/slash/"
	>

<channel>
	<title>Crossover &#8211; Buy Cheapest cars in Nigeria &#8211; Both Used &amp; New / Carsite.ng</title>
	<atom:link href="/listing-category/crossover/feed/" rel="self" type="application/rss+xml" />
	<link>/</link>
	<description>Click here to buy or sell your car for cash in Nigeria.</description>
	<lastBuildDate>Tue, 12 Apr 2022 16:43:26 +0000</lastBuildDate>
	<language>en-US</language>
	<sy:updatePeriod>
	hourly	</sy:updatePeriod>
	<sy:updateFrequency>
	1	</sy:updateFrequency>
	<generator>https://wordpress.org/?v=5.9.3</generator>

<image>
	<url>/wp-content/uploads/2022/04/cropped-89102-32x32.png</url>
	<title>Crossover &#8211; Buy Cheapest cars in Nigeria &#8211; Both Used &amp; New / Carsite.ng</title>
	<link>/</link>
	<width>32</width>
	<height>32</height>
</image> 
</channel>
</rss>
